dataset,order,n,seed,quicksort_ms,heapsort_ms,mergesort_ms,std_sort_ms
1,ascending,1000000,101,17.333,188.667,345.000,12.667
2,descending,1000000,102,13.333,193.333,340.667,14.667
3,random,1000000,103,109.333,312.333,432.333,117.667
4,random,1000000,104,111.333,355.000,427.000,109.333
5,random,1000000,105,102.000,318.333,430.333,115.333
6,random,1000000,106,118.000,345.667,422.667,118.667
7,random,1000000,107,109.667,284.000,447.333,115.333
8,random,1000000,108,119.333,282.667,406.667,117.333
9,random,1000000,109,111.000,320.667,405.667,109.000
10,random,1000000,110,108.333,325.333,404.667,111.000
