dataset,order,n,seed,value_distribution
1,ascending,1000000,101,"a[i] = i"
2,descending,1000000,102,"a[i] = n - i"
3,random,1000000,103,"rand() in [-1000000, 1000000]"
4,random,1000000,104,"rand() in [-1000000, 1000000]"
5,random,1000000,105,"rand() in [-1000000, 1000000]"
6,random,1000000,106,"rand() in [-1000000, 1000000]"
7,random,1000000,107,"rand() in [-1000000, 1000000]"
8,random,1000000,108,"rand() in [-1000000, 1000000]"
9,random,1000000,109,"rand() in [-1000000, 1000000]"
10,random,1000000,110,"rand() in [-1000000, 1000000]"
